-- phpMyAdmin SQL Dump
-- version 5.2.0
-- https://www.phpmyadmin.net/
--
-- Host: 127.0.0.1
-- Generation Time: Dec 05, 2022 at 12:51 PM
-- Server version: 10.4.25-MariaDB
-- PHP Version: 8.1.10

SET SQL_MODE = "NO_AUTO_VALUE_ON_ZERO";
START TRANSACTION;
SET time_zone = "+00:00";


/*!40101 SET @OLD_CHARACTER_SET_CLIENT=@@CHARACTER_SET_CLIENT */;
/*!40101 SET @OLD_CHARACTER_SET_RESULTS=@@CHARACTER_SET_RESULTS */;
/*!40101 SET @OLD_COLLATION_CONNECTION=@@COLLATION_CONNECTION */;
/*!40101 SET NAMES utf8mb4 */;

--
-- Database: `attendance`
--

-- --------------------------------------------------------

--
-- Table structure for table `admins`
--

CREATE TABLE `admins` (
  `id` int(10) NOT NULL,
  `nama` varchar(50) NOT NULL,
  `password` varchar(12) NOT NULL
) ENGINE=InnoDB DEFAULT CHARSET=utf8mb4;

--
-- Dumping data for table `admins`
--

INSERT INTO `admins` (`id`, `nama`, `password`) VALUES
(100, 'MUHAMMAD ALIF DANIEL BIN MOHD HAIRUL HEZZELIN', 'test'),
(102, 'MUHAMMAD ANAS BIN SUHAIMI ', 'anas@2131');

-- --------------------------------------------------------

--
-- Table structure for table `info_hadir`
--

CREATE TABLE `info_hadir` (
  `id` int(11) NOT NULL,
  `ndp` int(10) NOT NULL,
  `waktu_kehadiran` timestamp NOT NULL DEFAULT current_timestamp()
) ENGINE=InnoDB DEFAULT CHARSET=utf8mb4;

--
-- Dumping data for table `info_hadir`
--

INSERT INTO `info_hadir` (`id`, `ndp`, `waktu_kehadiran`) VALUES
(1, 23221147, '2022-12-03 11:34:18'),
(2, 23221147, '2022-12-03 11:37:48'),
(0, 23221103, '2022-12-04 06:56:01'),
(0, 23221020, '2022-12-04 08:17:24'),
(0, 23221142, '2022-12-04 12:17:19'),
(0, 23221020, '2022-12-05 11:47:37'),
(0, 23221021, '2022-12-05 11:47:57'),
(0, 23221023, '2022-12-05 11:49:11'),
(0, 23221025, '2022-12-05 11:49:26'),
(0, 23221093, '2022-12-05 11:49:43'),
(0, 23221101, '2022-12-05 11:49:56'),
(0, 23221132, '2022-12-05 11:50:09'),
(0, 23221141, '2022-12-05 11:50:25'),
(0, 23221142, '2022-12-05 11:50:35'),
(0, 23221143, '2022-12-05 11:50:47'),
(0, 23221147, '2022-12-05 11:51:01');

-- --------------------------------------------------------

--
-- Table structure for table `kehadiran`
--

CREATE TABLE `kehadiran` (
  `ndp` int(10) NOT NULL,
  `waktu_kehadiran` timestamp NOT NULL DEFAULT current_timestamp()
) ENGINE=InnoDB DEFAULT CHARSET=utf8mb4;

--
-- Dumping data for table `kehadiran`
--

INSERT INTO `kehadiran` (`ndp`, `waktu_kehadiran`) VALUES
(23221020, '2022-12-05 11:47:37'),
(23221021, '2022-12-05 11:47:57'),
(23221023, '2022-12-05 11:49:11'),
(23221025, '2022-12-05 11:49:26'),
(23221093, '2022-12-05 11:49:43'),
(23221101, '2022-12-05 11:49:56'),
(23221132, '2022-12-05 11:50:09'),
(23221141, '2022-12-05 11:50:25'),
(23221142, '2022-12-05 11:50:35'),
(23221143, '2022-12-05 11:50:47'),
(23221147, '2022-12-05 11:51:01');

-- --------------------------------------------------------

--
-- Table structure for table `student`
--

CREATE TABLE `student` (
  `img` longblob NOT NULL,
  `nama` varchar(50) NOT NULL,
  `ndp` int(10) NOT NULL,
  `password` varchar(15) NOT NULL,
  `no_tel` int(15) NOT NULL
) ENGINE=InnoDB DEFAULT CHARSET=utf8mb4;

--
-- Dumping data for table `student`
--

INSERT INTO `student` (`img`, `nama`, `ndp`, `password`, `no_tel`) VALUES
('', 'MUHAMAD IZUDDIN AIMAN BIN  MOHD YESZERI', 23221020, 'din123', 1133045739),
(0xffd8ffe000104a46494600010101006000600000ffdb0043000302020302020303030304030304050805050404050a070706080c0a0c0c0b0a0b0b0d0e12100d0e110e0b0b1016101113141515150c0f171816141812141514ffdb00430103040405040509050509140d0b0d1414141414141414141414141414141414141414141414141414141414141414141414141414141414141414141414141414ffc000110800c000a603012200021101031101ffc4001f0000010501010101010100000000000000000102030405060708090a0bffc400b5100002010303020403050504040000017d01020300041105122131410613516107227114328191a1082342b1c11552d1f02433627282090a161718191a25262728292a3435363738393a434445464748494a535455565758595a636465666768696a737475767778797a838485868788898a92939495969798999aa2a3a4a5a6a7a8a9aab2b3b4b5b6b7b8b9bac2c3c4c5c6c7c8c9cad2d3d4d5d6d7d8d9dae1e2e3e4e5e6e7e8e9eaf1f2f3f4f5f6f7f8f9faffc4001f0100030101010101010101010000000000000102030405060708090a0bffc400b51100020102040403040705040400010277000102031104052131061241510761711322328108144291a1b1c109233352f0156272d10a162434e125f11718191a262728292a35363738393a434445464748494a535455565758595a636465666768696a737475767778797a82838485868788898a92939495969798999aa2a3a4a5a6a7a8a9aab2b3b4b5b6b7b8b9bac2c3c4c5c6c7c8c9cad2d3d4d5d6d7d8d9dae2e3e4e5e6e7e8e9eaf2f3f4f5f6f7f8f9faffda000c03010002110311003f00f340bf37a549c8cf63502b7a9a995bf135fd0963f9098ee7ad1df34aad914b8a64006a50ddf14836f34ee3b504b154fb668dd494858504a42efcf34bbb7562eb3e2ed1fc3eb9bfbf86dfd14b02c7f01cd70ba97ed09a1da332dada5d5d91d1b0114fe75c95b1987a1fc49a47ad86ca71b8c57a149b5e9a7de7aa86229779af9f2fbf68ad5249c9b5b0b6861ecb212c7f3a5d2bf68dbe8b7aea1610cfc7ca612579f435e6ff006d609cadcff81edffaa39a72f3722f4bab9f422b16e285c8eb5e23a57ed1f0cb74ab7ba6186df3cbc4fb987e06bd2741f88de1ff0011855b3d422321ff0096521d8ff91aeca38fc36234a734d9e3e2f24cc304af5a93b775aafc0ea334063d3ad461958641cd2ae706bd047876b0e66f7a0b1e39e290f1da90316f4a62b0b9f43cd26df4e0d37a74eb4e56e6818a73eb45267777a2958464c726eeb532c9d8567c726315692452d8a67a5281715863d29c187d6ab06f4e29eac38edef4ce7e527a404fd2827bd6378a7c5369e14d16e351ba395887ca99e5dbb28a894a308b949d922e9529d69aa74d5dbd1137883c4961e18b17bcd42e16de25e99eac7d00ee6be79f1c7c6bd53c4970f158c9269da78e15636c3b7bb1fe95c9f8b7c657fe32d524bcbd958ae4f97083f2c6be80573f9ddd7ad7e7998e7552bb74e8e91fc59fb6e49c2f4702956c4ae7a9f82f4ff32c4da8493333492348e7ab31c9350b4a49ce48a660f34bb4b718c8af9794a527767de28a8ab20dc7d68031cd3bcb3923d29bfa0a91d90ab27b54d15c344c18311f4aadcb64014e1f28c1a6a4e3aa25c133bcf0afc5cd73c2ebe5c571f6a8323f777196007b73c57d01e01f88fa778dacd0c6e21be51fbdb563c8f71ea2be441c568697aadc693751dcda4ef6f3c6772c8870457d0e0738ad86928cdf344f8ece386f0b9841ca0b92a775fa9f6ee43638a66704d701f0afe2645e36d37c8b9223d56dd4798bd0483fbc3fad77c3be7935fa351ad0af05529bba67e138bc1d6c0d6950aead24380efd285fbd4ddcd403deb638c73f04514051f5a2803958a7ec6a7593e6c565c6e33d6aca354a773e8254cd58e5353ab74cf5aa30f18ab71fae6b438271b163276e315f32fc67f174daef89a7b30e45ad93794880f05bbb7d6be84f136b0be1ff000fdfea0c0b7d9e16703d4e38fd6be41b8924d4af249e525a599cbb1f524e4d7c7f11629d3a51a317befe87e8bc1781552b4f1735f0e8bd5eff0087e6578e179a45541b998e0003935d4699f0d3c41aa4293db695732a3b6d42abd7ff00ad5f43fc05f8056906916daeeaf12dc5ece3745138c8897fc6be89d3f4186d6dd228a05455181b46315f9655c5f2bb23f72a785e65767c0adf03bc66aacffd8372557d304ff3aaeff0afc550654e837c00ff00a624f15fa41a7e823018a6f3f4abd268bb7a47f2e39e2b358c95b635fa9c4fce2d0be07f8af5d3fbad2a48b1d4cea5456ec1fb3078a2f2e1618e3087f8e4752117e87bd7df8da1479cf9793f4ab70e8687195c0ed53f5a9c8bfaa40f8bb46fd8f6458d24bfbf95bfbe23503f015caf8abf665d56c7544b7d355a689db1b9b2485f5e95fa067402f175181db158b7da1b24992bb803d697b69ef7058786d63f3a7c5bf04f5af09dbcf24d1997cbe46d53caf735e784796d83d6bf4f35af0ec1750ba4d02ba32e08619e2be39f8e5f067fe11dba92fec6126ddb71458c741b89e47e38fc2bae956be8ce4ad87b6b13cb7e1f78b1bc1fe26b7bfdbbe2cec957b943d71ef5f5d59de25f5ac373136e8a640e8c3b82322be24781a33f32907a735f5cfc2fd45752f0268f2aa95db088c83eabc57e8fc3b889352a2de8b53f17e38c1c1469e2e2b5bf2bfcd1d5ee38e293b7349ba8c8c75afb73f23b0a3eb4527d68a43b1c3a29661eb56e30770a8154f5e956236cf07ad6513e9245d833c55c4cae3d6b3e163eb576193a0ad8f3ea44c6f8856ff6af04eb111e73031fcabc8bc1bf0e4cfad58178db66559cb0f94f7e2bdabc48a66d03504c64790e7f204d5bf04582eb29692c6410cca777f77dabf37e2c9384a9b5d533f5ee038f3d1ad0ed24ff0003daf41d37fb3f49b5813004718007e15d358599936b11938ed595691ac31aa96c9c5741a6dc2ed51bb902bf2894aecfdba14d289bda5dba94dadf82d684962bb7a60550b172187a935acccfb4035ac760d0a31d965bd2ad2e9eadc7ad48a0f61c559556dbb856c85a09058aa47c608acbbeb1592424104e7a62b63f7823c91598d36d91b8adfa183499c9eb7a6ec6c019e3f2af2cf881a4a5c69ce924292900eddc3a1af5ed7263f33e76f35c76ab64ba9584d195dcc467a7bd4c5ea6538b48f873e2378263b56b89618086ce50a8e31e9c57abfc2f845bf8074540028f201207a92735abe39d192dda449176b2e78ce718eb51f866d7ec5a0d8438c058578fd6bf4ce198b739cbc8fc538e6a2f614a9ff7aff87fc135e8a6d1b8d7e847e3761dcd14ddc68a63b1c803cfad4918dad8279a86a48f25bd6b189f40cbb0e7ae2ad466a9464ae066b73c32892ebda6a4847966e230723fda155397241cbb1cea9fb49c61ddd866a1a3de5ad979d756b2c56f20c6f65e39ab1f016da5b7d2757b69c6e6b4bbf2918f75c020fe4457a67817c3a752d0a7370ecf35c97797cd3b86ede460e7d318a874bd1edfc3ba86a1676f12c399559957b1da2bf11cd33d79a53519d3b34f4f43fa3f25e17590d693a755c94959a6baaea8d4b8bf8ec6dc4d72de5c7ef55a0f8ade1cd3a66335c6d890619fdea9eb17b69b15af4a7931f3f3f4acad37c5fe0ebabc92c2d34ab8d5ee154c8f0da59190003a92480057c9c5c5cb53ede50972dcebb4ff00da17c0936a11dbaeadb5c9c72871f9d7a8e99e30d23518e2315cac8920c861d2be50b2f895e00f885adc5a5683e1a9a4d424202aadb2062705bee839e029cfa574ba2ea2b60a9730c6eb68ae54af20020e0823d47a1ae99c953e8654a0ea5eccfab219216e46197b547a8eb369a5db9798e00e70bc935c9f836fbfb474d8de17ca1ee0d50f1e6a834f846f6cb1380a7d68f68ad74274e5cdca278b7e3ef877c2d6437452dd5cb0cfd9e21b987b9c579b2fed3136bd74d159f843544b7232d71244401fa5579ef82ea90c2b68d737770d88e1863dd2487e95474dfda7bc2365aeff0060cb637f26a31ce2d8dbc70027cc2db76e339c8239f4ade9d5e6e863568f2f53af8fc791eab6e7ed16f25be465778da7f2357ed0c8eaacbcab0c8accb7f891e13f1a4d34109f2ee6ddb6490dd43b1e36f439ad68248a05090f11f6c7f4a9e68dc5c92503c4fe35dc2da6bcb6aa4996e2dfe5503ab1257fc2934bd1aeafe10b676d2cf1c602ee8d7238aed7c41e07b5f16fc51d3a6bb66fb343a6bb14cfde6122803f226bd52e7c1b6d6fe1db7856111db390ab1c636e09e0723bd7d7e5b9bbcbe9b508ddb3f3fce786a39d5684aa54e58c5745d59f39c91b43234722b248a70558608a4c7e35d278ced0ac3a7dccaccd73be6b5919bab989800c7d4e1b19f6ae6d7debf52c16296330f0ae95ae7e0b9ae5f2caf1b5307377717bfe4387d28a6b1a2bbcf22c717c8a92376071512b16ea2a45f97dc5608fa3922e29e956ada468f6b29dac0e41f422aa47ef56221b7bd6dbab1cb2d353d8a2d66e60f01fdbad1ca34d2ac931519d99c873f4dc09fc6a9e89a74960cb2c9726e1afb3725f39ea718fd2a8f81eeaf24f0bdefd8d5a5b9d3df7ac4307cc8dfef2107a8ca9fd2b4f7db36ab0cf6692dbdbcabbbc975da10f7da2bf9d737c37d4f1f568a5657d3d1ea7f596418dfed0ca28621bbc9ab3f55a33a5d3fc3f06a4aab2c4b273fc43357ecfe175bdadd35d4119b79bfe7a40c636c7d455ef0bcc3783d42d77b81247f2035e5d38eb73d7949dac78358fc18d33c31e2a7d5b4ab56b2bf93707b98e62ae777dec11d33ed536a5e1bb6d0adaf2d6df797bd7f3245662c3771cf3dcf7af5f974d12b33905707a915c06bf710b6ade5800ece3df34eb49dac14ac9e86af806ea4d36d56d4b6429ec299e3cb76d5270ca777967233db9ad9f08e9a1212f2478627a543afc896b772b32611a9d35ee972b5ee7270f8260d5b51fed5dd37f686dda1c4acbb07fb38231efeb56341fd9f7c3d36b8fac49a6a3ea9248646ba691b7b37a93d735ddf84208350b7c2f041c8615d6595ac96f3007d7f4aeda68e1a92d4f3dbef855a559b4b22d8c2b2b75645c66b0eef491a7ed450542f406bd9f5245685891938af3bf12405e527f1a8a9157d0709bb58e41b4d9b50d5a2fb3c924321b7913cd847ce99da411f8e2b77c37e20d4a613e91ab12f7514664590ffb3c8359264d4d6fd62d3648609e41b1a59ba2a704e3df815b10c16da0497d72d319a6f2bccbaba94ee6098c900f615d34d4a4d456e4bf670839cf6478efc43bc0dae0b2520259a90d8ef239dee7f3207e15cb16c77e2a6d4ef9b53d46eeedbacf2b49cf6c9e055539cf3d2bf7bc151586c3c292e891fc839a629e3f1b571327f149bf974fc093767b668a8f776a2bb4f32c7329096eff008d489090dcf34d898d585cfa54451ecc9b15233f5ab69f2f6a8a21edf95598d3e5e99ad4e59c8d6f0ef882f3c37786e6ca40aecbb195865597d08ae8f4af165ef88bc4900bd68d54a15448d30a39cd716abe82af68771f66d66ca43c0594673efc57cf66d95e1f1942a5494139d9d9f53e8f22ceb1997e26952a755aa6e4aeafa6af53ddf4293ecb72eadf77819af45d3ae048aa7b579a69b20fbc781deba9b1d59618fa8007eb5fcff7e591fd51f1236bc45a849676a1604c96e09c74af319974cb6bc926d466f2ee5a4caeecf27b015db6adaf456f64d3cceaa98cf2715c26b5a97fc244aa2dad9254046647f971f8d37ef1ad3563d37c35aee9775a62159144abf7f71ac4f146ada0ea1786d5aea3832072ee1726b8cb1d2e42a4b24170d8ff0096130c8ff7b9a94e9f771b47f6cb0865b75196313ef031ea2ba69ddab04a2a2ee763e1263a4dc4eb01f32df8da73dfbe0d7a8d9c82e20570b8c8cd79de87ab59cd0c2902ac7d82818c576163a88b7511b1c13d2bb2368a3cf9ae6772d6a45522faf15c3ead18691d71c75ae9b54badd18c64fe35cbea6df2b92739e959bf7991cdca8f399fc65a768be2b96d7538ddadda21fbc8f928724f4ac5f887f10acf52d3df4ad1049f6698833cee369703a28f6cd71de2fbbfb5f89b50915b204a507d071fd2b1c9cd7ebb9664786a70a588927cd64fcae7f3ce79c599862275f0509254eed68b5b2d2d7f31b93d290fd690b1a4cd7d81f9dd85e45145140cc18d40ab51f0401dea287e6e00ab91a7ad347a1390aaa57b5584c851cd35540e69ccdf2f14ce56ee379e79c5395b6e083f303907de9171f5a5c85ef49eaac2db547b3f867584d534b8a52d86dbf30f43deb553521f347bb07b66bc9fc23ab4b66d3a83988618fb575abaa8bc65647520f1c1afe74cf309f50c754a2b6bdd7a33fad386b1cf34cb69625ef6b3f55a31bae5bea9ad48e7cc56898edf2dc9da3f0acf8745d565b845bdbc95a25c054b5011547ae3bfd6bb1d366686dceec393c0addb4b18aed53ce8d4f15e45396a7d4a9aa6728fa0db7c8c2eee19c7de1b54e3f2a5bcd26fece18e4d3750ba336391e5a818aecee3c0ba75d323aa32b75c87209abdff0008c41a6da838dd818c33135e945bb0a75e2cf336bef114243cd66aee9d2e2dced7fa95e99fa1aef7c27e20d4754850df284746fbdd370a5450032aa05e6aab5e359f0a3033594a6ce29599d95c5f09060367bd739e26d5d2cb4f9e79080912331cd4235668d0bb9c5797fc4cf171bf71a7407e40774adebe8bfd6bdbca7092c7e2634d6dbbf43e573fcca194e0e75e5becbcdbd8e06598cd2bc8df79d8b1fc4e69bb8531b8edc518afdde31514923f961de4f99f5173d466818a6e0d2fb1eb542b0bc5140145327532215fcaafc6c2b3e36f4e6ad2483d7148eea8ae5addc641a377426a1f395547e758b79e3ad02cee9eda7d56da39d46594bf4ffebfb544aa429abcdd89a787ab59da9c5bf45737b775ed471b6bc9fc49f1ca0b7985be8b6c2edcb6df3a72553278e056de8be0bf16df6a8ba9eafe2192dd5c022d2cc6100f4e78fd2be7f17c4183c23b377f43ebb03c2598e323ccd7276befff0000f61f05c3e65c5c0c641502b56f34892cdde6b63919cb47fe155fc13642dda5258b36077aedd6c92e23194c37f7abf19cf71b0cc71b2af4d68edf81fbff000be5f5328cb6185acd3926dbb79b317c3be2eb60de45c9d8ea003bbb57610f8b2c924f92e232b8e39af3df167847ce5326d680918f3501c1fc6bc2f5eb2f14e8fa94b1595db655b2a246c71fe15e2534d3d4fa89a52d51f6a47e2783eca921955b70c800d436fe30b6d6374713e4af07915f104ff157c6f6366605b379001c4bd40ad6f04f8bbc6523b49e479459c39627839e3f218ed5e8abd8e271773ec9b9bc82dd43b38f7e6b8fd53c490c936d8d8b7600735c0f8774df12f8824125f5cb2c0e07cbd31ea6bd2346f0adae9b1a911f9f2f776a8e56dea3d225388de5f2969898e1ec87a9af35f1460f882f704e0301f928af64be8fc98be7393d6be4ff008d9f13b59f0378aef041a12dce9d210d1de33b107e519071d0e735f67c378aa383af3955764d7ea7e71c6597e2733c2d3a7868dda95deb6e8cedff001cd271eb5c37c35f8a3078eadde3b8856c6fd7910ab643afa8cd771c374afd768e229e220aa53774cfc031585ad82aae8d78da485cfae69769eb9a693ebfca973c8e6b638c78cf7a2804773452b90730f7b1d9c06599d628d472eed815caeadf17b45d3d5d2d6437d30fee7083ea6bc2b54f106afaf485ef6e259ffd963f28fc2aadbe98f2aee9255881fc49afcfb11c4537a508d9799fb561383e9af7b132e67d9688edfc4bf17352d4a078e194c25b8fdd1c2a8f6f53ee6bcf3cd79663292c4e724e6a6bcb68a1c04919cf7c8c0a8e2fbb802be62b632ae225cd52573edb0d97d1c1c7928c5245b871b80ce7be6beb8f80de2387e216869653381ab58461644279910701c7afbd7c7b1c9f66936b8c03d0d757e0df175f78375bb5d574d9cc1750302a7b11dc1f506bceaf4fdac4f5f0f2f66cfbdf4bd164b1b867d84a9aecf4db25b851c9538fbb5c77c35f899a47c56f0cc379a732c3aa44a05dd893f346ddc8f553d8d7a269b1c732a7fcb2900c1f4af9e952717667b6aa7322c369d14909491430230411906b87d63e1c595d5c19a02a1b3cc728cafd01ea2bd3ed6ccb1db20c67bf6a82fbc3e725938e7d687062553959e3b3fc2eb78e4479f4d590755111047e5fe35b3a7f81d15a3f26c42321eb2e3f9577b36972aac6a4e6ad43a7488bbcbfcde82b685c2550c8b1f0fa5a7ef267c9fee8e054d75b36ed8c6d15a135b3b282ee401515bd93cec5b69098c0cf5adb964ce7e74731ab42d2424938e2be7ef8dbaa58f867c37a94976239a7b84315bc1273bdc8c671e83a9fa57a17c66f8f7e19f87be759db4a9abeb03e5fb2dbb65633fedb741f41cd7c49f10be206a9e3cd6a4d4b539c163c246830883d1457650a6d3bb39aa4aeb53074dd5a7d0ee21b9b793cb9612191d7a822bd4fc2ff001fdae75016faad9c6b136009a0e08f720d794f87f41b8f135ff9518db0c7cc927651fe35a1aff81ee34f99a6d3e379adc0cedce597fc6be830d9b4f053e584b4ec7cce3b20a399d372ab4efd9f547d3ba6f886c3578d4dadcc6f919db9f9bf2ad0561f8d7c89a478aaf347668d8b3464f31be4153ea3b835dee87f192fb4fc6f98de41c00971c903ebd6bee70d9f51aabf78ac7e578de10af45b7879732f33e81df45711a07c58d175884f9937d8a6519292f23f0228af7638cc3c97329afbcf8fa996e329c9c2549dd791f342ea1b78c0c5364bcdcb9ee2aabc6cb90411f5a48c16f9473ed5f8a247f4e73587bcde63038e6b4b4fd2defa16918f971f66c75a65a68ed22f9937c89d76f7ad08f555b5b7f21002d8ebd40f6ade315157919734a4ed12ec763636b6ede622b6e182ce79ac09a1f2263e506921ed9ea2a68e09b51932c7bff11e2b66c6d45ac98dbbdb3d7d2b9aa6222be147a387c1ca5ac989e10f1cea7e09d620d474aba6b5ba89b3b81e1bd88ee2bec3f86ffb5c786f5cb5487c44c746bf00069369685cfa82395fa1af95ad3c06be2867f200b5939265c7c9f88ff0ae635df0ceabe12b8f2ef2d98c7d1665e51bf1ae572a55f4ea744e9d4a3bad0fd4ef0c78d2c3c410acda5ea16f7d0e3ef43207fe46bb6b064ba5c1009c73cd7e3e681e34d4fc2f7a977a5df5c69f72872b2412153f8d7d3ff0aff6f4bad1512d7c5da59d4900c7db6cc8493eaca783f86292a0e3b187b44cfbbe4d3e309b88e00c5665e4d69a740f3dccd1db42a32d24ce1540fa9af89be257fc140356d5525b6f09698ba5c58c2dddde2497ea17a0fc735f37f8bbe2d78afc6f7064d6b5abcd40939db248760fa28e07e557ecc953b6e7ddbf14bf6b5f06f846492db4b98ebf7ea31b6d08f281f773c7e59af96fe237ed59e32f1b4325b25eff006369cd906dec7e52c3d19fa9af0af32e6e640abb9998f0aa324d773e15f827e27f132c733dab69f66dff002deef2bc7b2f5354f929abc98e3cd51da08e526d51e4dc77ef2dd49ef5d2f857e176b9e2cd93981adac98ffae9b82dfee8eff5af6af0afc10d0fc35e5cd2a1d4eed79f36e07c80fb2f4fcebb337967663649710c58e3e6703f0af2b1198fd9a28f6b0d97737bd59fc8f30b5f0edbf8574d6b38a30854fcdea5bd49acc9245773cf4e2acfc64d723f32c4e8fa8c6d2b06f3842430c76e7d6bca26d4b55917e6bf90f3c6df96b3a34aa555ceceaab5a9d1f722b63bfbcd134ed590a5d5bc723f67c61bf315caeb5e00b0b54692df535b66033e5ccc08ff001ac46176f80f792367fdb34ab185cb38dc73dce6bd3a519d3ea78f5bd9d5d794c39966b699d564f30038dc9d0d15b7b1247ecbc7ad15dded99e57d5d12e9fa4c3a9451c93396641c81c022ac4da7dae9ea5d5963c761d6b1b4fbf9aced59559703a13555a4799c649393c9ee6ba1558c63648e7f67394af22d5f6a6d27cb10daa7a9ef49a7c207ccc37374a81465c46a327b935dbe83e0d2d0892e9bcb1d5517afe3e95e657aefa9eb6170b795d231a281eea4548118b1c7caa39aeaf45f0bc8bb5eedb9ce76679fc6b62d6ced74d8f64512a37f7ba93f535a3a5c2d7371b510b1ce02e324d78b5b10fa1f494e8a5b9a7a488ede158e245503b28e2b76d6cc6aa0db35b2dcabf0c8cbb97f1cd5cd0fc28cd86ba6f2c1e7cb5eb8f735d858c10598d91a2c6a3a62bca95669dd1d1ec79959a3c9b5efd9a6cf568da6b0b8feceba6e7cb51ba2fcbb7e15e41e2cf843e27f08b31b9b069e11ff002dad7f78bf5c7515f6549ae58e976af3de5c476f020e5e46c7ff00aebc6fe24fc634983c5a240085c817530ebeb85ff1af5b0b89c449db7479588c1d15abd19f3e697e17d5f5a6ff0046b2919070d2b8d88bf563802babd27c07a358ca0eb3ac89ce706df4d1bff0321e07e19ac8d4fc59aa6a7b92f6ea49949c85270a3e807155acef99665c9c2e6bdc4e52478dc908b3d7f49f18681e10840d0bc376d0cc063ed9767cd94fe3dbf0aa3aafc64f10dd6f02f8c08dd16040b8feb5cd3584d7112320ce4640c540de1b9f6f98e08f5cf152f0ea4eece88d651d892e7c61aa5f13e76a5732337f7a5358979772c8e4bbbb73cf27f3ade8bc32bba2c9f98ff7066ae7fc220cd8611cae7d3a0353eca9c0bf6f391c5cd70d91d48aaacf28520743ed5dbdff0082e765568d56323d4139aa8de1791a1219c2b0f414fda518fda32e4af37a23946f3a455e3007a0a558ddb259fe82bb1b5f06b4c140f358e392a3835b9a7f80e35604c6b9e8771c9aca78ca14fa9b47058896e79ddbc5cfdd2dc765cd15ed565e0fb3b58c091c73fdd14572ff0069d35b44dbfb367d59ffd9, 'AHMAD QAMARUL ANIQ BIN AHMAD  KHAIRUL NIZAM ', 23221021, 'aniq123', 1162190345),
('', 'MUHAMMAD AMIRUL HAKIM BIN AMINUDDIN ', 23221023, 'mirul123', 1151218293),
('', 'KAMALESH A/L VIVEGANANDAN ', 23221025, 'kamalesh123', 143130475),
('', 'LIVANYAH A/P CHANDRAN ', 23221026, 'livanyah123', 164097023),
('', 'NUR ALIA ATIRAH BINTI AZIZ ', 23221027, 'alia123', 1110582755),
('', 'NUR INSYIRAH BINTI ZAHARI ', 23221090, 'insyirah123', 1161704093),
('', 'NURUL NAJWA BINTI BOHARANNORDIN ', 23221091, 'najwa123', 1151559408),
('', 'NUR ATHIRAH BINTI SUHAIRI ', 23221092, 'athirah123', 147134620),
('', 'MUHAMMAD IMAN DANIAL BIN MOHD SIDEK ', 23221093, 'iman123', 102872614),
('', 'MUHAMMAD ZUHAILY HAKIM BIN MUHAMMAD  IRWAN CHONG ', 23221094, 'zuhaily123', 193518870),
('', 'NUR AYU NAZUREEN BINTI MD ANUAR ', 23221095, 'ayu123', 168001477),
('', 'RUBTHIRA A/P ARUMUGAM ', 23221098, 'rubhi123', 192609407),
('', 'KHISHORRATAN A/L SELVARAJAH ', 23221099, 'khishor123', 168964394),
('', 'ISHUAARIYAA A/P KRISHNAN ', 23221100, 'ishu123', 1133688927),
('', 'IZZRIEQ ILLHAN PAHLAVI BIN MOHAMMAD REDHA PAHLAV', 23221101, 'niko123', 179999058),
('', 'AINA NAJWA BINTI AMRAN ', 23221102, 'wawa123', 19979810),
('', 'AHMAD SYAUQAN ASQALANI BIN AZHAM ', 23221104, 'syauqan123', 175944746),
('', 'AINA ATIKAH BINTI MOHD AZHAR ', 23221117, 'aina123', 182403183),
('', 'HANIF FAISAL BIN HASMAZI ', 23221132, 'pejal123', 183942524),
('', 'MUHAMMAD ZAHID BIN AZLAN ', 23221141, 'zahid123', 103655613),
('', 'MUHAMMAD ANAS BIN SUHAIMI ', 23221142, 'anas123', 169520918),
('', 'MUHAMMAD AMIRUL HAKIMI BIN JASNI ', 23221143, 'kimi123', 1111411173),
('', 'MUHAMMAD ALIF DANIEL BIN MOHD  HAIRUL HEZZELIN ', 23221147, 'alif123', 1117141009),
('', 'ALLYSSA BINTI ABDULLAH ', 23221157, 'ally123', 196448279);

--
-- Indexes for dumped tables
--

--
-- Indexes for table `admins`
--
ALTER TABLE `admins`
  ADD PRIMARY KEY (`id`);

--
-- Indexes for table `kehadiran`
--
ALTER TABLE `kehadiran`
  ADD PRIMARY KEY (`ndp`);

--
-- Indexes for table `student`
--
ALTER TABLE `student`
  ADD PRIMARY KEY (`ndp`),
  ADD UNIQUE KEY `nama` (`nama`);
COMMIT;

/*!40101 SET CHARACTER_SET_CLIENT=@OLD_CHARACTER_SET_CLIENT */;
/*!40101 SET CHARACTER_SET_RESULTS=@OLD_CHARACTER_SET_RESULTS */;
/*!40101 SET COLLATION_CONNECTION=@OLD_COLLATION_CONNECTION */;
